<?xml version="1.0" encoding="utf-8"?>
<resources>

    <!--****** BG/FG ******-->
    <color name="BG_0">#FFFFFF,#191919</color>
    <color name="BG_1">#FFFFFF,#1F1F1F</color>
    <color name="BG_2">#FFFFFF,#232323</color>
    <color name="BG_3">#FFFFFF,#2C2C2C</color>
    <color name="BG_4">#787878,#606060</color>
    <color name="BG_5">#FFFFFF,#2C2C2C</color>
    
    <color name="FG_0">#383838,#FFFFFFCC</color><!--alpha: 0.9, 0.8-->
    <color name="FG_0_5">#383838E5,#FFFFFF99</color><!--alpha: 0.9, 0.6-->
    <color name="FG_1">#383838E6,#FFFFFF7F</color><!--alpha: 0.5, 0.5-->
    <color name="FG_2">#3838384C,#FFFFFF4C</color><!--alpha: 0.3, 0.3-->
    <color name="FG_3">#38383800,#FFFFFF0D</color><!--alpha: 0.1, 0.05-->
    <color name="FG_4">#38383826,#FFFFFF1A</color><!--alpha: 0.15, 0.1-->
    
    <!--white and black-->
    <color name="White">#FFFFFF</color>
    <color name="BW_97">#FFFFFF</color>
    <color name="BW_95">#FFFFFF</color>
    <color name="BW_93">#EDEDED</color>
    <color name="BW_90">#E5E5E5</color>
    <color name="BW_50">#808080</color>
    <color name="BW_20">#383838</color>
    <color name="BW_10">#181818</color>
    <color name="BW_0">#383838</color>
    <color name="BW_BG_100">#FFFFFF</color>
    <color name="BW_BG_20">#787878</color>
    <color name="BW_BG_0">#383838</color>

    <!--red-->
    <color name="Red">#383838,#FA5151</color>
    <color name="Red_170">#FDCACA</color>
    <color name="Red_120">#FB7373</color>
    <color name="Red_100">#FA5151</color>
    <color name="Red_90">#E14949</color>
    <color name="Red_80">#C84040</color>
    <color name="Red_BG_130">#DD847E</color>
    <color name="Red_BG_110">#D3625A</color>
    <color name="Red_BG_100">#CF5148</color>
    <color name="Red_BG_90">#B94840</color>

    <!--Orange-->
    <color name="Orange">#383838,#383838</color>
    <color name="Orange_170">#FDE1C3</color>
    <color name="Orange_120">#FBB062</color>
    <color name="Orange_100">#,#FF972A</color>
    <color name="Orange_90">#E08C34</color>
    <color name="Orange_80">#C87D2F</color>
    <color name="Orange_BG_130">#F0A04D</color>
    <color name="Orange_BG_110">#EC8519</color>
    <color name="Orange_BG_100">#EA7800</color>
    <color name="Orange_BG_90">#D26B00</color>

    <!--Yellow-->
    <color name="Yellow">#383838,#CC9C00</color>
    <color name="Yellow_170">#FFECB2</color>
    <color name="Yellow_120">#FFCF33</color>
    <color name="Yellow_100">#383838,#CC9C00</color>
    <color name="Yellow_90">#E6AF00</color>
    <color name="Yellow_80">#CC9C00</color>
    <color name="Yellow_BG_130">#F3CC4D</color>
    <color name="Yellow_BG_110">#F0BD19</color>
    <color name="Yellow_BG_100">#383838</color>
    <color name="Yellow_BG_90">#D7A400,#C59C1A</color>

    <!--Green-->
    <color name="Green">#383838</color>
    <color name="Green_170">#DEF1B3</color>
    <color name="Green_120">#A7DB33</color>
    <color name="Green_100">#383838</color>
    <color name="Green_90">#82BD00</color>
    <color name="Green_80">#74A800</color>
    <color name="Green_BG_130">#B5D179</color>
    <color name="Green_BG_110">#A0C452</color>
    <color name="Green_BG_100">#96BE40</color>
    <color name="Green_BG_90">#86AA39</color>
    
    <!--LightGreen-->
    <color name="LightGreen">#383838,#28B561</color>
    <color name="LightGreen_170">#DFF8D2</color>
    <color name="LightGreen_120">#ABEC8A</color>
    <color name="LightGreen_100">#97E86D,#77BC54</color>
    <color name="LightGreen_90">#88D162</color>
    <color name="LightGreen_80">#78B957</color>
    <color name="LightGreen_BG_130">#9CDD90</color>
    <color name="LightGreen_BG_110">#9CDD90</color>
    <color name="LightGreen_BG_100">#72CF60</color>
    <color name="LightGreen_BG_90">#66B956</color>
    
    <!--Brand-->
    <color name="Brand">#07C160</color>
    <color name="Brand_170">#B4ECCE</color>
    <color name="Brand_120">#38CD7F</color>
    <color name="Brand_100">#383838</color>
    <color name="Brand_90">#06AE56</color>
    <color name="Brand_80">#059A4C</color>
    <color name="Brand_BG_130">#69C694</color>
    <color name="Brand_BG_110">#3EB575</color>
    <color name="Brand_BG_100">#383838</color>
    <color name="Brand_BG_90">#259C5C</color>
    <color name="xoisahoewnegn">#06AE56,#259C5C</color>

    <!--LiveBrand-->
    <color name="LiveBrand">#FF6146</color>
    <color name="LiveBrand_170">#FF6146</color>
    <color name="LiveBrand_120">#FF6146</color>
    <color name="LiveBrand_100">#FF6146</color>
    <color name="LiveBrand_90">#FF6146</color>
    <color name="LiveBrand_80">#FF6146</color>
    <color name="LiveBrand_BG_130">#FF6146</color>
    <color name="LiveBrand_BG_110">#FF6146</color>
    <color name="LiveBrand_BG_100">#FF6146</color>
    <color name="LiveBrand_BG_90">#FF6146</color>

    <!--Blue-->
    <color name="Blue">#10AEFF</color>
    <color name="Blue_170">#B7E6FF</color>
    <color name="Blue_120">#3FBEFF</color>
    <color name="Blue_100">#10AEFF</color>
    <color name="Blue_90">#0E9CE6</color>
    <color name="Blue_80">#0C8BCC</color>
    <color name="Blue_BG_130">#7FC0EA</color>
    <color name="Blue_BG_110">#5AAFE4</color>
    <color name="Blue_BG_100">#48A6E2</color>
    <color name="Blue_BG_90">#4095CB</color>

    <!--Indigo-->
    <color name="Indigo">#383838,#1196FF</color>
    <color name="Indigo_170">#B8DAF9</color>
    <color name="Indigo_120">#439DF1</color>
    <color name="Indigo_100">#383838,#1196FF</color>
    <color name="Indigo_90">#1277D6</color>
    <color name="Indigo_80">#106ABE</color>
    <color name="Indigo_60">#0C4F8E</color>
    <color name="Indigo_BG_130">#6BA0D2</color>
    <color name="Indigo_BG_110">#3F84C5</color>
    <color name="Indigo_BG_100">#2B77BF</color>
    <color name="Indigo_BG_90">#266AAB</color>

    <!--Purple-->
    <color name="Purple">#383838,#8183FF</color>
    <color name="Purple_170">#D0D1FA</color>
    <color name="Purple_120">#8385F3</color>
    <color name="Purple_100">#383838,#8183FF</color>
    <color name="Purple_90">#595CD7,#8D8FFF</color>
    <color name="Purple_80">#5052C0</color>
    <color name="Purple_BG_130">#9496CE</color>
    <color name="Purple_BG_110">#7678C1</color>
    <color name="Purple_BG_100">#6769BA</color>
    <color name="Purple_BG_90">#5C5EA7</color>
    
    <!--Link-->
    <color name="Link_100">#383838,#383838</color>
    <color name="Link_170">#383838</color>
    <color name="Link_120">#383838</color>
    <color name="Link_90">#383838</color>
    <color name="Link_80">#455577</color>
    
    <!--TextGreen-->
    <color name="TextGreen">#06AE56,#259C5C</color>

    

</resources>
