<?xml version="1.0" encoding="utf-8"?>
<resources>

    <!--****** BG/FG ******-->
       <color name="BG_0">#EDEDED,#101010</color>
    <color name="BG_1">#F7F7F7,#131313</color>
    <color name="BG_2">#FFFFFF,#151515</color>
    <color name="BG_3">#F7F7F7,#0F0F0F</color>
     <color name="BG_4">#4C4C4C,#606060</color>
    <color name="BG_5">#FFFFFF,#2c2c2c</color>
    
    <color name="FG_0">#000000E5,#FFFFFFCC</color><!--alpha: 0.9, 0.8-->
    <color name="FG_0_5">#000000E5,#FFFFFF99</color><!--alpha: 0.9, 0.6-->
    <color name="FG_1">#0000008C,#FFFFFF7F</color><!--alpha: 0.55, 0.5-->
    <color name="FG_2">#0000004C,#FFFFFF4C</color><!--alpha: 0.3, 0.3-->
    <color name="FG_3">#0000001A,#FFFFFF0D</color><!--alpha: 0.1, 0.05-->
    <color name="FG_4">#00000026,#FFFFFF1A</color><!--alpha: 0.15, 0.1-->
    
    <!--white and black-->
    <color name="White">#FFFFFF</color>
    <color name="BW_97">#F7F7F7</color>
    <color name="BW_95">#F2F2F2</color>
    <color name="BW_93">#EDEDED</color>
    <color name="BW_90">#E5E5E5</color>
    <color name="BW_50">#808080</color>
    <color name="BW_20">#303030</color>
    <color name="BW_10">#181818</color>
    <color name="BW_0">#000000</color>
    <color name="BW_BG_100">#FFFFFF</color>
    <color name="BW_BG_20">#333333</color>
    <color name="BW_BG_0">#000000</color>

    <!--red-->
    <color name="Red">#FA5151</color>
    <color name="Red_170">#FDCACA,#4B1818</color>
    <color name="Red_120">#FB7373,#C84040</color>
    <color name="Red_100">#FA5151</color>
    <color name="Red_90">#E14949,#FA6262</color>
    <color name="Red_80">#C84040,#FB7373</color>
    <color name="Red_BG_130">#DD847E,#913832</color>
    <color name="Red_BG_110">#D3625A,#BA4940</color>
    <color name="Red_BG_100">#CF5148</color>
    <color name="Red_BG_90">#B94840,#D3625A</color>

    <!--Orange-->
    <color name="Orange">#FA9D3B,#C87D2F</color>
    <color name="Orange_170">#FDE1C3,#3B250E</color>
    <color name="Orange_120">#FBB062,#A06425</color>
    <color name="Orange_100">#FA9D3B,#C87D2F</color>
    <color name="Orange_90">#E08C34,#CD8943</color>
    <color name="Orange_80">#C87D2F,#D39758</color>
    <color name="Orange_BG_130">#F0A04D,#824300</color>
    <color name="Orange_BG_110">#EC8519,#A85600</color>
    <color name="Orange_BG_100">#EA7800,#BB6000</color>
    <color name="Orange_BG_90">#D26B00,#C1701A</color>

    <!--Yellow-->
    <color name="Yellow">#FFC300,#CC9C00</color>
    <color name="Yellow_170">#FFECB2,#3D2F00</color>
    <color name="Yellow_120">#FFCF33,#A37C00</color>
    <color name="Yellow_100">#FFC300,#CC9C00</color>
    <color name="Yellow_90">#E6AF00,#D1A519</color>
    <color name="Yellow_80">#CC9C00,#D6AF33</color>
    <color name="Yellow_BG_130">#F3CC4D,#866500</color>
    <color name="Yellow_BG_110">#F0BD19,#AB8200</color>
    <color name="Yellow_BG_100">#EFB600,#BF9100</color>
    <color name="Yellow_BG_90">#D7A400,#C59C1A</color>

    <!--Green-->
    <color name="Green">#91D300,#FA5151</color>
    <color name="Green_170">#DEF1B3,#4B1818</color>
    <color name="Green_120">#A7DB33,#C84040</color>
    <color name="Green_100">#91D300,#FA5151</color>
    <color name="Green_90">#82BD00,#FA6262</color>
    <color name="Green_80">#74A800,#FB7373</color>
    <color name="Green_BG_130">#B5D179,#913832</color>
    <color name="Green_BG_110">#A0C452,#BA4940</color>
    <color name="Green_BG_100">#96BE40,#CF5148</color>
    <color name="Green_BG_90">#86AA39,#D3625A</color>
    
    <!--LightGreen-->
    <color name="LightGreen">#95EC69,#3EB575</color>
    <color name="LightGreen_170">#DFF8D2,#123522</color>
    <color name="LightGreen_120">#ABEC8A,#31905D</color>
    <color name="LightGreen_100">#95EC69,#3EB575</color>
    <color name="LightGreen_90">#88D162,#51BC83</color>
    <color name="LightGreen_80">#78B957,#64C390</color>
    <color name="LightGreen_BG_130">#9CDD90,#226541</color>
    <color name="LightGreen_BG_110">#9CDD90,#2C8153</color>
    <color name="LightGreen_BG_100">#72CF60,#31905D</color>
    <color name="LightGreen_BG_90">#66B956,#31905D</color>
    
    <!--Brand-->
    <color name="Brand">#07C160</color>
    <color name="Brand_170">#B4ECCE,#023A1C</color>
    <color name="Brand_120">#38CD7F,#059A4C</color>
    <color name="Brand_100">#07C160</color>
    <color name="Brand_90">#06AE56,#20C770</color>
    <color name="Brand_80">#059A4C,#38CD7F</color>
    <color name="Brand_BG_130">#69C694,#1D7A48</color>
    <color name="Brand_BG_110">#3EB575,#259C5C</color>
    <color name="Brand_BG_100">#2AAE67</color>
    <color name="Brand_BG_90">#259C5C,#3EB575</color>
    
    <!--LiveBrand-->
    <color name="LiveBrand">#FF6146</color>
    <color name="LiveBrand_170">#FF6146</color>
    <color name="LiveBrand_120">#FF6146</color>
    <color name="LiveBrand_100">#FF6146</color>
    <color name="LiveBrand_90">#FF6146</color>
    <color name="LiveBrand_80">#FF6146</color>
    <color name="LiveBrand_BG_130">#FF6146</color>
    <color name="LiveBrand_BG_110">#FF6146</color>
    <color name="LiveBrand_BG_100">#FF6146</color>
    <color name="LiveBrand_BG_90">#FF6146</color>

    <!--Blue-->
    <color name="Blue">#10AEFF</color>
    <color name="Blue_170">#B7E6FF,#04344D</color>
    <color name="Blue_120">#3FBEFF,#0C8BCC</color>
    <color name="Blue_100">#10AEFF</color>
    <color name="Blue_90">#0E9CE6,#28B6FF</color>
    <color name="Blue_80">#0C8BCC,#3FBEFF</color>
    <color name="Blue_BG_130">#7FC0EA,#32749E</color>
    <color name="Blue_BG_110">#5AAFE4,#4095CB</color>
    <color name="Blue_BG_100">#48A6E2</color>
    <color name="Blue_BG_90">#4095CB,#5AAFE4</color>

    <!--Indigo-->
    <color name="Indigo">#1485EE,#1196FF</color>
    <color name="Indigo_170">#B8DAF9,#052D4D</color>
    <color name="Indigo_120">#439DF1,#0D78CC</color>
    <color name="Indigo_100">#1485EE,#1196FF</color>
    <color name="Indigo_90">#1277D6,#28A0FF</color>
    <color name="Indigo_80">#106ABE,#40ABFF</color>
    <color name="Indigo_BG_130">#6BA0D2,#09548F</color>
    <color name="Indigo_BG_110">#3F84C5,#0B6BB7</color>
    <color name="Indigo_BG_100">#2B77BF,#0D78CC</color>
    <color name="Indigo_BG_90">#266AAB,#2585D1</color>

    <!--Purple-->
    <color name="Purple">#6467F0,#8183FF</color>
    <color name="Purple_170">#D0D1FA,#26274C</color>
    <color name="Purple_120">#8385F3,#6768CC</color>
    <color name="Purple_100">#6467F0,#8183FF</color>
    <color name="Purple_90">#595CD7,#8D8FFF</color>
    <color name="Purple_80">#5052C0,#9A9BFF</color>
    <color name="Purple_BG_130">#9496CE,#48498F</color>
    <color name="Purple_BG_110">#7678C1,#5C5DB7</color>
    <color name="Purple_BG_100">#6769BA,#6768CC</color>
    <color name="Purple_BG_90">#5C5EA7,#7677D1</color>

    <!--Link-->
    <color name="Link_100">#576B95,#7D90A9</color>
    <color name="Link_170">#CCD2DE,#252A32</color>
    <color name="Link_120">#7888AA,#647387</color>
    <color name="Link_90">#4E6085,#899AB1</color>
    <color name="Link_80">#455577,#97A6BA</color>
    <color name="Link_Finder">#002666,#DEE9FF</color>
    
    <!--TextGreen-->
    <color name="TextGreen">#06AE56,#259C5C</color>

</resources>
